id,type,app,module,message,DES.src,DES.dst,TOPO.src,TOPO.dst,module.src,service,time_in,time_out,time_emit,time_reception
1,COMP_M,0,0_01,M.USER.APP.0,0,4,1,3,None,54222.0,103.003380027,54325.003380027,100.0,103.003380027
2,COMP_M,1,1_01,M.USER.APP.1,1,5,2,4,None,32841.0,103.00549005,32944.00549005,100.0,103.00549005
3,COMP_M,2,2_01,M.USER.APP.2,2,7,3,0,None,28440.0,103.02026819,28543.02026819,100.0,103.02026819
4,COMP_M,3,3_01,M.USER.APP.3,3,6,3,2,None,45503.0,106.029586755,45609.029586755,100.0,106.029586755
